{
  "model": "lightgbm",
  "test_snapshot": "2026-05-31",
  "metrics": {
    "roc_auc": 0.8823047987401369,
    "pr_auc": 0.4837275022655559,
    "brier": 0.041486956847559174,
    "log_loss": 0.1544104166240528,
    "f1": 0.43101182654402104,
    "precision": 0.5963636363636363,
    "recall": 0.3374485596707819,
    "precision_at_10pct": 0.3763975155279503,
    "lift_at_10pct": 6.235342381719193,
    "base_churn_rate": 0.060365172028319466,
    "threshold": 0.34057143084242786
  }
}